{"cameraMode":{"drawMode":0,"name":"Shaded","section":"Shading Mode"},"sceneLighting":false,"audioPlay":false,"sceneViewState":{"showFog":true,"showMaterialUpdate":false,"showSkybox":true,"showFlares":true,"showImageEffects":true,"showParticleSystems":true},"in2DMode":false,"pivot":{"x":-3.474515914916992,"y":-2.157567262649536,"z":3.7199759483337404},"rotation":{"x":0.2757634222507477,"y":0.2547656297683716,"z":-0.07605589926242829,"w":0.9237309694290161},"size":10.653270721435547,"orthographic":false}