{"cameraMode":{"drawMode":0,"name":"Shaded","section":"Shading Mode"},"sceneLighting":false,"audioPlay":false,"sceneViewState":{"showFog":true,"showMaterialUpdate":false,"showSkybox":true,"showFlares":true,"showImageEffects":true,"showParticleSystems":true},"in2DMode":false,"pivot":{"x":-1.143126130104065,"y":0.4401814043521881,"z":0.356728196144104},"rotation":{"x":-0.08411799371242523,"y":-0.8706015348434448,"z":0.16005122661590577,"w":-0.4575616717338562},"size":3.5445520877838136,"orthographic":false}